education_level,years_experience,technical_test_score,interview_score,personality_score,previous_rating,performance_score,performance_label
Bachelor,7,85.7,69.4,91.5,2.6,93.47024920076194,Average
Master,14,69.3,87.1,66.0,4.2,114.59688405594446,High
Bachelor,9,64.4,62.3,78.8,4.2,94.82690128124551,Average
Bachelor,0,88.8,60.8,67.6,2.3,71.68039186523379,Low
Diploma,11,55.5,64.8,79.4,4.8,94.59587562795839,Average
Diploma,14,48.0,61.4,67.7,4.0,91.07042924683519,Average
Diploma,9,74.4,74.6,71.7,4.6,96.40046073480119,Average
Master,8,65.0,45.6,72.6,2.4,83.55425064491129,Low
Bachelor,5,59.8,52.4,82.8,2.4,74.62326442045857,Low
Bachelor,2,77.1,52.2,82.3,3.4,78.54531044839916,Low
Diploma,12,72.4,76.4,65.0,3.9,97.35031482250089,Average
Master,13,64.4,85.5,75.4,4.9,116.4629420948432,High
Master,7,57.2,63.7,69.3,4.1,91.28472703603676,Average
Diploma,8,78.7,63.0,64.9,3.3,84.87657385094172,Low
Diploma,5,76.5,65.8,73.3,2.7,77.45805591187296,Low
Diploma,10,69.0,78.9,72.5,4.5,97.36453714583371,Average
Bachelor,6,88.5,53.9,94.4,2.7,89.53177626072124,Average
Bachelor,0,59.3,67.9,78.5,4.8,79.46146258889229,Low
Bachelor,13,54.7,76.7,64.0,3.3,95.75729077694027,Average
Diploma,4,63.1,71.0,70.5,4.8,82.63624818397369,Low
Bachelor,4,69.5,67.3,83.2,4.0,87.53192523365388,Average
Diploma,9,72.4,77.0,91.7,3.4,94.27668310449154,Average
Diploma,13,67.6,35.0,62.3,3.1,82.91113303954577,Low
Bachelor,3,73.5,73.1,60.0,3.2,79.46828162252882,Low
Bachelor,5,57.5,57.2,90.0,3.8,83.7399657281422,Low
Bachelor,6,84.4,43.0,78.1,3.6,86.52140379031472,Average
Diploma,8,69.2,71.1,68.1,3.0,83.27264026012023,Low
Bachelor,0,81.2,81.5,79.3,3.4,82.41574402677864,Low
Bachelor,14,73.4,63.4,53.9,3.6,99.46294223169963,Average
Diploma,5,74.6,76.4,75.0,1.8,75.46934773196637,Low
Bachelor,6,75.7,84.3,77.6,3.9,95.65332295036629,Average
Diploma,2,74.5,80.8,82.4,2.7,76.59781636519737,Low
Diploma,7,76.4,84.7,66.9,2.6,84.36249873122577,Low
Master,14,83.3,73.9,75.7,2.2,107.35156213341551,High
Master,4,72.0,65.9,67.6,2.1,79.90961503264228,Low
Master,14,77.1,45.8,77.0,2.4,100.05793783370379,Average
Bachelor,8,69.1,62.0,67.8,2.9,85.47396750644567,Average
Diploma,4,84.4,54.9,71.7,5.0,86.38765051774348,Average
Bachelor,8,63.2,91.1,67.0,3.1,91.53682791107045,Average
Bachelor,9,88.0,62.9,80.2,3.6,99.37798227342542,Average
Diploma,3,69.6,66.5,81.9,3.8,78.97458790109641,Low
Bachelor,8,55.7,71.6,73.1,3.6,88.2609986546988,Average
Diploma,4,71.3,65.5,75.3,3.4,78.0165275328818,Low
Master,9,63.2,85.3,63.4,2.5,93.69307683105697,Average
Diploma,8,78.4,57.5,72.6,4.7,91.7282101180688,Average
Bachelor,2,63.5,67.3,74.6,4.9,84.5244096150893,Low
Bachelor,14,65.5,56.1,96.0,2.2,96.64667211241873,Average
Bachelor,3,51.1,49.2,66.1,2.7,65.24604866871711,Low
Bachelor,8,65.5,57.7,86.7,3.3,88.78121598203279,Average
Diploma,9,45.8,64.6,83.0,2.7,78.10407448687242,Low
Master,10,54.2,59.8,77.2,3.9,96.18326531699873,Average
Bachelor,5,77.6,56.7,89.1,2.9,84.85468499389708,Low
Master,1,77.9,48.1,78.0,5.0,87.98381684110798,Average
Master,6,74.3,64.0,78.1,4.5,98.16190505791188,Average
Bachelor,1,60.3,46.9,74.6,3.7,70.10021352622013,Low
Master,10,69.5,74.1,84.8,4.3,107.9526890877916,High
Diploma,1,70.0,66.0,83.8,4.4,78.16446411305846,Low
Diploma,10,58.4,47.5,70.0,3.0,78.64537782180066,Low
Diploma,0,85.0,61.3,64.4,2.8,67.95690318462597,Low
Bachelor,15,78.8,56.0,73.4,3.6,105.1134208870008,High
Bachelor,10,67.8,68.8,68.6,4.2,97.21111380472409,Average
Diploma,10,70.3,81.1,74.5,3.6,94.30661113028212,Average
Master,11,72.1,42.5,84.9,2.2,92.42154610163604,Average
Bachelor,10,49.6,66.4,71.3,2.9,85.02689320822715,Average
Diploma,2,67.5,63.1,74.7,3.4,72.16366060126225,Low
Bachelor,5,63.2,73.1,75.5,3.4,84.5082414437481,Low
Diploma,7,60.0,67.6,81.8,5.0,90.24221926655679,Average
Master,8,67.2,56.0,57.0,2.4,83.51181642215431,Low
Diploma,6,88.0,61.2,70.1,3.9,87.23753426926774,Average
Master,3,76.4,55.4,76.7,4.7,91.57895735435088,Average
Bachelor,5,64.3,77.9,84.6,5.0,95.68461077673038,Average
Diploma,4,75.7,65.3,71.1,3.2,77.12704968133853,Low
Diploma,7,84.0,87.8,60.0,3.9,92.61487184823083,Average
Master,0,79.2,64.3,80.0,4.0,85.61249834963485,Average
Bachelor,0,70.6,56.5,69.9,3.7,72.56901791312129,Low
Bachelor,12,63.5,46.8,65.5,3.4,89.96919902954299,Average
Bachelor,14,77.0,43.4,70.0,3.8,100.18019984653196,Average
Diploma,10,73.9,46.0,73.5,1.5,75.75382341412067,Low
Bachelor,5,79.0,68.2,70.2,4.0,89.99764611010703,Average
Diploma,9,76.4,71.1,57.4,3.6,88.15749639802507,Average
Master,11,80.5,46.0,82.2,3.3,100.70049236776795,Average
Bachelor,1,64.6,75.7,85.2,5.0,87.3692093735926,Average
Bachelor,4,83.2,59.2,80.2,3.0,83.59569815283366,Low
Diploma,0,72.0,66.8,65.9,3.2,67.35057682109402,Low
Bachelor,6,90.8,84.3,73.4,5.0,104.99005804832603,Average
Bachelor,0,63.1,75.8,74.9,2.8,72.03427516956134,Low
Bachelor,3,87.4,61.8,79.8,3.1,83.90990935733114,Low
Bachelor,8,72.0,54.3,80.3,3.4,89.1513987623676,Average
Master,0,63.5,39.2,69.1,4.2,73.52855963564134,Low
Bachelor,3,65.2,56.4,75.7,3.7,78.10328545978473,Low
Diploma,5,66.8,62.5,78.7,2.5,73.7167146177093,Low
Bachelor,5,74.2,53.2,86.6,3.1,83.26160072067826,Low
Bachelor,11,75.2,63.4,80.6,3.0,96.6225282937003,Average
Bachelor,14,64.3,65.9,81.3,3.4,102.21306215596923,Average
Bachelor,12,69.8,62.3,75.7,3.8,99.83986551699911,Average
Bachelor,7,91.4,57.2,86.3,3.8,97.1563609892427,Average
Bachelor,0,87.3,67.0,78.3,2.1,73.9901669835439,Low
Bachelor,6,74.4,70.3,68.1,4.4,92.26281625169605,Average
Diploma,0,70.4,51.9,86.2,3.7,69.84848053836286,Low
Diploma,15,71.2,81.9,80.6,4.6,110.99766454583167,High
Diploma,12,76.1,63.8,71.5,3.9,96.36271239669557,Average
Bachelor,13,59.8,65.2,71.2,4.4,101.37627425634358,Average
Bachelor,6,67.4,73.5,77.4,3.9,90.44321577552536,Average
Bachelor,2,53.3,67.8,78.7,4.6,80.56989486939686,Low
Master,10,74.0,76.4,76.6,3.9,106.21174943863662,High
Diploma,7,76.5,68.4,77.5,3.4,86.65939320645069,Average
Bachelor,2,65.2,57.7,88.6,5.0,85.68306028850277,Average
Bachelor,13,85.7,69.3,83.6,4.2,111.82708839818379,High
Diploma,15,57.7,51.3,76.5,4.0,95.24151901907268,Average
Diploma,13,55.4,66.3,82.5,2.5,88.08343373977473,Average
Diploma,12,72.2,64.6,66.7,2.5,87.51839676824832,Average
Diploma,0,80.5,62.5,78.2,3.7,74.07448954450115,Low
Master,12,86.8,63.5,89.5,3.6,111.89314549070275,High
Master,12,65.4,42.4,73.3,3.0,93.9224363822392,Average
Bachelor,13,80.8,58.4,68.2,3.6,101.5475842897287,Average
Master,15,69.6,66.1,69.8,4.8,115.2241747853467,High
Master,7,68.3,66.9,66.3,4.1,94.74988431462312,Average
Diploma,2,78.8,52.7,68.7,2.6,67.49830129766687,Low
Master,1,76.5,80.2,72.0,3.4,86.46524389151854,Average
Bachelor,0,54.2,54.6,63.8,2.9,61.95352583030768,Low
Master,13,84.8,76.6,75.1,3.2,111.56218231944301,High
Master,2,83.8,70.1,82.2,3.2,88.96103796359748,Average
Bachelor,14,63.7,57.2,67.7,3.1,95.57163774728892,Average
Diploma,1,74.0,86.3,87.2,2.5,75.67365606807402,Low
Diploma,1,74.9,50.7,79.1,3.4,69.95782867915017,Low
Bachelor,5,72.6,76.0,83.2,3.1,87.69598220791099,Average
Master,11,64.5,77.0,69.7,1.2,90.33050144642019,Average
Master,0,63.3,57.0,81.8,5.0,84.5905096322625,Low
Diploma,1,69.7,81.7,66.3,4.4,78.45871806345284,Low
Bachelor,13,81.7,62.0,82.1,3.2,103.43724061561966,Average
Bachelor,5,75.4,68.5,76.4,3.5,87.5971004942549,Average
Diploma,2,66.3,68.1,79.4,2.6,69.61770708276075,Low
Diploma,14,77.7,63.4,65.6,4.9,104.5641100497771,Average
Bachelor,3,41.5,74.7,67.8,5.0,80.70468520994655,Low
Master,0,81.5,74.5,79.8,3.6,87.15910332496446,Average
Bachelor,7,52.6,44.0,67.4,4.3,80.86202851393381,Low
Bachelor,12,66.4,80.7,78.7,3.6,103.01797508751935,Average
Bachelor,6,58.8,45.1,64.1,2.4,70.86919210617444,Low
Bachelor,6,57.1,77.4,81.8,3.2,85.6733794502743,Average
Master,2,81.6,78.5,65.1,3.6,89.16827033607652,Average
Master,15,65.3,51.9,79.4,3.1,104.1394861307322,Average
Diploma,9,73.5,60.1,80.0,3.3,87.68346516542185,Average
Bachelor,9,69.5,51.7,69.4,3.4,87.81169111838086,Average
Bachelor,2,74.8,62.4,79.7,3.4,80.14408790667687,Low
Diploma,13,70.8,61.3,77.1,3.5,95.68210440394716,Average
Diploma,1,57.2,74.4,70.7,2.7,65.13543768874753,Low
Bachelor,11,80.0,80.7,66.9,2.9,99.18797460566657,Average
Bachelor,0,65.1,81.7,59.3,2.5,69.17724351340993,Low
Diploma,6,54.4,58.3,77.8,4.3,79.86445249871016,Low
Diploma,6,65.7,62.5,62.5,1.8,68.91171669432809,Low
Master,11,85.0,44.8,75.8,4.4,105.96887688761387,High
Diploma,15,78.5,55.3,72.9,4.6,105.00693547017168,High
Diploma,1,66.5,76.6,80.4,3.3,73.47650458883942,Low
Bachelor,6,66.5,84.4,72.6,1.4,79.65315420719642,Low
Master,12,66.8,50.2,72.4,3.2,97.10968952468357,Average
Diploma,7,90.8,57.9,80.9,3.4,89.11710765492984,Average
Bachelor,0,73.8,64.7,77.7,2.7,72.31028905263682,Low
Bachelor,8,74.3,68.4,77.5,3.1,91.3255843742915,Average
Diploma,6,80.3,55.3,78.8,4.7,89.28364874147763,Average
Bachelor,2,72.4,70.1,62.7,4.0,80.9413438625474,Low
Bachelor,7,67.4,59.3,81.1,2.8,84.06396095179191,Low
Bachelor,6,68.0,64.8,79.9,2.2,80.70714703215026,Low
Bachelor,10,69.3,71.6,66.9,3.2,93.23928668960741,Average
Bachelor,14,69.6,65.1,73.0,3.3,101.41324422462282,Average
Diploma,12,77.3,59.8,74.7,3.9,96.54563604858029,Average
Master,7,70.5,63.7,73.9,3.1,91.220546540331,Average
Bachelor,5,77.3,63.9,77.7,3.9,89.26300560198783,Average
Diploma,8,69.2,60.6,86.5,5.0,94.18800402095776,Average
Diploma,14,70.8,61.9,83.7,4.2,102.20234823700054,Average
Bachelor,4,50.0,84.2,64.5,3.5,79.25943471910449,Low
Bachelor,2,79.2,71.7,80.0,3.4,83.44445146820766,Low
Diploma,2,73.5,61.5,85.6,3.2,74.60262524814367,Low
Bachelor,0,80.0,73.4,78.1,4.4,85.17635082602246,Average
Diploma,11,41.0,61.0,83.7,3.0,81.29609029264324,Low
Bachelor,14,90.9,79.1,91.1,3.5,115.93502157622326,High
Diploma,7,68.6,69.4,83.2,3.5,86.28288457342427,Average
Bachelor,1,81.1,63.7,77.0,3.1,78.14439899998051,Low
Bachelor,2,59.6,70.4,83.4,2.4,73.15571236305345,Low
Master,15,76.1,46.1,76.2,3.8,108.39941180640791,High
Diploma,7,59.5,51.5,75.2,3.5,77.003679885584,Low
Bachelor,13,63.8,50.7,72.2,3.9,96.73561719931972,Average
Diploma,15,89.1,66.7,87.5,3.1,106.28798349426617,High
Master,7,68.1,85.8,68.5,4.5,101.94929712591022,Average
Master,13,72.2,91.8,87.3,2.8,112.04089229275468,High
Diploma,10,78.7,72.7,79.0,4.9,101.92230023044469,Average
Bachelor,15,75.0,71.0,63.8,2.1,98.51014316975503,Average
Master,3,71.5,43.4,77.9,3.8,83.12540263998636,Low
Bachelor,3,73.6,58.5,58.2,3.9,78.7585419260605,Low
Bachelor,4,94.0,55.5,80.0,2.9,85.41548005515624,Average
Diploma,5,69.4,57.5,82.1,3.8,80.82854693837233,Low
Diploma,4,72.0,63.0,70.3,4.5,82.01917083438788,Low
Master,13,80.5,59.3,76.0,1.7,98.81609241104412,Average
Master,14,81.1,41.2,90.6,3.9,110.2663094917103,High
Bachelor,6,81.9,74.0,71.0,1.5,81.77254367689433,Low
Bachelor,15,76.4,52.1,66.5,2.7,97.89105023548474,Average
Bachelor,1,58.6,67.9,86.9,4.8,82.92605275768594,Low
Bachelor,6,86.3,89.9,90.7,3.0,98.68555397743427,Average
Master,9,58.5,54.0,75.0,2.6,86.86320326350534,Average
Master,6,73.0,35.0,83.1,3.3,85.98449633643175,Average
Bachelor,0,62.5,61.6,85.7,5.0,81.275521249151,Low
Bachelor,6,69.4,78.2,69.1,2.0,81.34576010433122,Low
Diploma,4,73.3,88.5,71.1,2.7,79.62960061042625,Low
Diploma,2,73.2,50.2,84.8,4.7,78.98454881675966,Low
Master,15,74.2,71.0,88.5,5.0,122.63269215249997,High
Bachelor,12,86.1,59.4,79.5,3.4,102.68208691595362,Average
Diploma,2,74.5,63.7,68.0,2.5,68.42884406591968,Low
Diploma,3,67.6,96.7,90.9,5.0,93.62985791389826,Average
Bachelor,12,79.6,47.0,70.8,4.8,102.66156665017726,Average
Diploma,11,81.9,68.0,72.3,4.0,98.25919795243226,Average
Diploma,1,57.7,70.6,77.7,2.9,66.76838720931903,Low
Bachelor,1,76.0,78.0,87.4,3.5,84.09009849415911,Low
Bachelor,0,77.0,66.2,81.8,3.4,77.87238892564962,Low
Bachelor,14,67.0,68.7,78.3,3.8,104.7686511274737,Average
Diploma,4,83.8,60.3,78.7,4.7,87.24744213838379,Average
Bachelor,3,68.5,68.2,75.3,4.2,84.6945056970169,Low
Diploma,10,71.3,60.9,79.5,2.6,85.68067144921297,Average
Bachelor,9,68.3,72.5,54.8,4.6,95.55418987248382,Average
Bachelor,14,70.2,60.6,72.6,3.8,102.46586276015445,Average
Bachelor,1,59.0,69.5,76.9,4.0,77.72685420032346,Low
Master,2,55.6,64.6,65.8,4.7,83.36659981448538,Low
Bachelor,6,85.9,78.5,78.1,2.6,91.08346225243571,Average
Bachelor,6,61.5,64.4,73.4,3.5,83.5844785158759,Low
Diploma,11,60.1,43.7,89.0,3.1,84.13966845887836,Low
Bachelor,3,48.5,80.1,87.6,2.2,74.32098802021278,Low
Diploma,4,63.6,54.1,71.3,3.8,73.75746885417425,Low
Diploma,4,56.8,57.2,73.8,5.0,79.07809126532433,Low
Master,5,86.4,57.9,74.4,2.0,85.41043451528219,Average
Bachelor,15,80.1,81.5,71.4,3.5,111.05098794148708,High
Master,13,63.1,39.4,76.6,4.0,100.15273803727484,Average
Bachelor,8,92.5,100.0,68.9,3.6,105.53636891243751,High
Bachelor,1,79.8,77.7,66.0,3.4,80.60197014220994,Low
Bachelor,4,66.8,67.7,80.0,2.5,78.24469509631874,Low
Bachelor,11,45.0,64.3,80.0,3.7,91.02549516004598,Average
Bachelor,2,92.9,68.4,68.6,2.9,82.1655288188255,Low
Diploma,3,56.1,71.3,82.2,1.7,65.81753175415318,Low
Bachelor,9,53.5,72.7,69.9,4.5,93.51729503236989,Average
Diploma,5,80.2,71.7,77.0,4.3,88.72313235426822,Average
Diploma,11,94.4,66.1,81.6,3.5,100.85719359036781,Average
Bachelor,7,83.8,62.6,74.7,3.7,93.17332184390645,Average
Diploma,0,75.6,63.2,78.6,4.4,76.01276501948462,Low
Master,9,75.9,62.7,70.9,3.7,99.02060938083004,Average
Master,13,78.5,78.6,73.4,4.2,115.01328065250242,High
Master,7,77.6,72.1,73.4,3.3,96.28815204329894,Average
Bachelor,10,72.8,35.0,69.0,4.5,92.14698387173954,Average
Diploma,13,71.0,72.9,73.6,3.8,99.0306098841904,Average
Master,6,69.4,67.3,62.6,3.7,90.44484769669927,Average
Bachelor,15,62.5,64.8,71.1,2.5,96.56588961378678,Average
Master,15,67.2,60.3,72.7,3.7,108.43444203794839,High
Master,0,53.1,78.5,73.0,2.8,74.30576044340147,Low
Master,1,69.0,76.4,73.1,3.0,81.3580336864771,Low
Diploma,2,60.1,55.7,74.5,2.8,65.10526844203572,Low
Bachelor,0,59.0,69.9,78.8,2.6,69.16255561106709,Low
Master,13,71.8,53.3,82.0,5.0,112.27393956844861,High
Bachelor,8,83.9,48.4,69.8,4.6,95.07288424966339,Average
Diploma,7,79.2,57.5,65.4,5.0,90.19967677561442,Average
Bachelor,1,54.3,75.3,66.7,2.5,68.06682746846752,Low
Master,12,60.1,76.4,71.1,3.6,103.14598105214894,Average
Bachelor,8,79.4,71.2,72.2,2.5,89.37446521493372,Average
Bachelor,6,60.2,73.7,68.8,2.9,81.96305196522486,Low
Diploma,8,67.8,71.2,64.6,2.8,80.87834081488768,Low
Bachelor,5,75.5,57.3,71.4,4.5,88.70425421321234,Average
Master,5,60.3,70.2,76.5,3.2,86.84609814920623,Average
Diploma,10,71.1,74.6,79.8,4.4,97.69291957423391,Average
Bachelor,13,56.7,74.1,70.5,4.0,100.53540417806687,Average
Master,3,64.0,79.3,71.7,5.0,94.35184066714079,Average
Bachelor,9,73.2,73.5,67.6,2.3,88.4337631573162,Average
Bachelor,9,54.1,69.2,74.7,4.5,94.0119937085773,Average
Bachelor,12,74.4,77.8,68.2,4.4,106.51015259572809,High
Bachelor,12,69.8,64.7,79.6,2.7,95.63501197455055,Average
Diploma,1,75.5,54.4,60.7,4.3,71.93299286836636,Low
Master,6,72.2,63.0,72.1,3.8,92.70171388654367,Average
Master,4,83.6,56.1,77.4,3.3,89.17958005839533,Average
Master,10,71.3,56.9,76.5,2.8,95.0985319612486,Average
Master,5,65.7,63.3,96.5,2.9,89.46064342104974,Average
Bachelor,1,71.2,55.5,77.8,5.0,82.79931278540562,Low
Bachelor,15,75.4,61.3,67.0,3.5,103.85225341907476,Average
Bachelor,4,70.5,42.3,74.2,4.1,80.19151342089908,Low
Bachelor,9,70.4,67.6,60.8,2.9,87.50606453551391,Average
Bachelor,3,63.0,65.0,74.4,2.9,75.39926997890504,Low
Bachelor,8,63.4,55.2,68.3,4.4,89.30508089994113,Average
Master,5,56.0,72.9,82.3,2.4,83.58624078458827,Low
Bachelor,1,87.5,76.3,70.6,3.2,82.27132113146655,Low
Bachelor,0,57.6,45.7,74.1,3.5,66.14501487973575,Low
Diploma,4,63.1,55.8,69.9,3.6,72.81170793202679,Low
Bachelor,8,62.8,55.8,88.9,3.4,88.35314017683123,Average
Diploma,5,78.9,53.7,72.4,3.8,80.68435452610177,Low
Bachelor,9,67.1,75.0,89.7,4.1,100.05708978375714,Average
Bachelor,11,82.5,62.7,81.5,4.1,104.15294080292932,Average
Diploma,6,63.3,61.8,78.9,2.7,75.76407513240187,Low
Bachelor,4,72.8,41.0,77.9,3.3,77.02874803744399,Low
Diploma,9,61.6,72.6,78.2,4.5,92.55934005550216,Average
Diploma,5,91.5,50.1,59.6,4.2,82.96198482210227,Low
Master,4,58.1,65.7,72.8,2.4,78.42935139714498,Low
Bachelor,10,73.1,68.3,81.8,3.8,99.26976529985939,Average
Diploma,8,76.3,81.3,74.6,1.9,83.74216993925444,Low
Bachelor,14,74.1,49.3,63.8,3.5,98.00437194835291,Average
Bachelor,5,68.1,35.0,74.6,5.0,84.11028990244293,Low
Diploma,10,68.7,67.2,88.6,2.7,88.84708449199366,Average
Bachelor,7,70.4,86.6,85.0,2.8,92.9407025233591,Average
Diploma,1,68.5,79.9,74.5,4.1,77.98274576523863,Low
Diploma,11,79.6,67.5,82.6,2.3,90.62172837866295,Average
Bachelor,12,92.1,59.1,72.1,3.0,100.78922909574887,Average
Bachelor,8,64.4,74.7,61.4,4.0,91.15846244629269,Average
Bachelor,4,56.3,53.3,67.6,3.0,71.70366349038446,Low
Bachelor,6,69.1,70.7,87.5,3.3,89.47096924378414,Average
Master,9,95.8,71.1,72.8,4.1,109.5438924007961,High
Bachelor,12,62.0,77.7,73.1,3.8,100.81637598573367,Average
Bachelor,0,86.4,98.1,72.6,3.7,88.53386300420723,Average
Bachelor,9,86.8,69.7,90.2,3.2,100.65047977000228,Average
Diploma,4,64.5,58.9,88.0,3.8,78.64412312340863,Low
Bachelor,11,75.7,64.7,92.8,3.4,101.43534395409783,Average
Diploma,13,86.3,43.8,73.7,3.9,96.90471225778131,Average
Diploma,9,66.2,56.7,77.4,3.1,83.0137484652938,Low
Master,13,68.0,60.1,62.9,3.4,100.75450762876217,Average
Master,15,64.2,58.7,86.8,2.7,104.83595597593147,Average
Bachelor,1,59.9,66.8,65.7,3.5,72.15431670196892,Low
Bachelor,11,63.5,55.1,76.7,2.9,89.4377450151602,Average
Diploma,5,57.8,78.5,66.2,2.6,73.22940135682612,Low
Diploma,10,70.3,65.0,70.3,3.7,89.9453292681719,Average
Diploma,0,62.3,64.9,68.3,3.7,66.92351855715935,Low
Bachelor,2,72.3,61.1,70.1,4.1,80.62656810854646,Low
Bachelor,4,54.4,66.9,70.7,3.2,75.9607865096273,Low
Bachelor,3,73.3,74.9,70.6,3.8,84.97291680611318,Low
Diploma,2,78.3,54.6,81.7,3.9,77.18572078563722,Low
Master,9,50.1,57.1,66.2,3.9,89.80575836748622,Average
Bachelor,12,73.7,61.4,76.8,2.8,96.01124317522634,Average
Bachelor,4,82.3,48.8,84.7,3.6,84.94158277977388,Low
Bachelor,10,57.9,55.2,70.9,3.8,89.29875036575909,Average
Bachelor,7,86.7,59.3,69.3,3.5,91.21909818231474,Average
Diploma,10,74.2,75.5,73.2,1.8,84.91547453646358,Low
Bachelor,15,62.9,68.2,84.4,3.6,105.9521672490016,High
Bachelor,3,69.4,67.3,76.6,5.0,88.97403471065489,Average
Diploma,0,75.6,75.2,70.8,3.2,71.68757467766899,Low
Diploma,10,70.8,63.4,78.9,2.9,87.42779505951862,Average
Diploma,6,75.4,69.7,66.2,3.8,84.2673893262331,Low
Diploma,7,60.8,63.8,80.5,3.7,83.01800202053943,Low
Master,2,71.7,68.2,78.3,4.5,90.4788818742956,Average
Bachelor,5,55.9,58.0,72.5,2.5,73.23661435899254,Low
Bachelor,1,68.9,35.7,68.3,4.1,70.68365407390901,Low
Diploma,6,61.0,63.4,67.9,4.0,79.57843835839904,Low
Bachelor,14,62.6,82.1,79.3,3.4,105.09877617092178,High
Bachelor,7,82.4,76.1,84.8,3.8,98.55804380802535,Average
Diploma,5,80.9,76.6,69.9,4.3,89.01826034670367,Average
Bachelor,5,76.1,79.8,78.7,4.2,94.50848677393635,Average
Bachelor,4,59.1,66.1,58.3,2.6,71.82771400080834,Low
Bachelor,7,66.8,67.4,70.3,4.2,90.7379661511028,Average
Bachelor,0,82.1,57.6,74.8,3.4,76.22788870091098,Low
Diploma,9,71.4,61.2,67.7,3.6,86.06293509772969,Average
Bachelor,3,93.2,72.4,67.5,3.6,88.34967983360193,Average
Bachelor,14,73.9,79.4,69.7,3.4,105.8721875841463,High
Bachelor,3,71.9,63.3,77.3,4.5,86.14214687617755,Average
Master,2,66.9,59.6,73.5,3.4,80.83748454399122,Low
Bachelor,2,71.3,65.0,57.1,2.6,71.09285210406401,Low
Diploma,3,68.5,72.2,58.0,3.2,72.12897106955069,Low
Diploma,10,77.1,47.7,70.1,3.6,87.28655616433556,Average
Bachelor,0,79.6,37.4,78.7,4.5,76.38072176584592,Low
Diploma,13,62.1,58.4,53.0,4.0,89.75679206143636,Average
Bachelor,10,56.7,50.4,71.0,2.8,82.8924544647534,Low
Master,12,51.6,58.9,70.8,5.0,103.3749667173203,Average
Bachelor,10,75.1,63.2,86.1,3.7,99.11107471333065,Average
Bachelor,1,59.0,59.6,71.9,4.5,76.56568300766482,Low
Bachelor,8,48.5,82.4,78.1,3.4,88.65465546583135,Average
Bachelor,9,73.9,68.9,76.1,3.9,97.25541851036158,Average
Bachelor,1,94.9,68.6,58.0,4.2,85.07938928151296,Average
Master,4,69.9,72.5,81.1,4.5,95.70031909113833,Average
Bachelor,8,78.4,51.3,76.7,4.3,94.42308060025559,Average
Master,8,70.8,77.5,79.1,4.2,103.41484126167475,Average
Master,7,69.0,64.1,100.0,3.2,96.96569125604375,Average
Diploma,0,79.2,73.0,58.3,3.0,68.89710642966496,Low
Diploma,0,67.1,52.1,88.8,3.8,69.75354934922815,Low
Diploma,8,72.7,46.4,72.7,4.2,85.16349690249123,Average
Diploma,12,73.2,74.8,77.3,3.3,96.73760583660152,Average
Diploma,10,63.3,69.5,74.6,4.4,93.06282548773896,Average
Bachelor,7,79.9,54.2,71.6,4.7,94.15166123404488,Average
Diploma,9,68.3,54.6,70.4,2.8,80.039115124614,Low
Bachelor,8,62.4,78.5,77.6,2.8,89.03860003649747,Average
Master,6,75.4,50.7,62.9,3.4,86.8023157018132,Average
Diploma,2,61.0,84.7,81.0,3.7,78.41399225518639,Low
Master,2,70.3,54.2,71.7,3.1,78.36850216527917,Low
Diploma,1,69.9,72.7,66.0,4.6,77.23851855989655,Low
Diploma,4,80.9,61.1,71.4,3.8,80.99807814352829,Low
Bachelor,11,74.7,72.2,85.1,3.5,102.15288393182996,Average
Bachelor,11,69.7,58.5,70.7,2.4,88.44240288272192,Average
Master,2,78.2,63.0,77.9,2.4,81.02518270280935,Low
Bachelor,13,83.9,65.5,69.2,3.7,104.99788713322157,Average
Master,5,75.6,53.0,81.1,1.8,81.09916100696962,Low
Diploma,1,70.1,73.9,80.5,4.3,79.15089291643113,Low
Diploma,11,56.9,58.8,89.8,3.4,88.60000935931976,Average
Bachelor,2,59.3,62.3,73.6,5.0,82.08795695195508,Low
Master,4,66.9,53.1,80.3,5.0,92.42112545072311,Average
Master,11,63.9,35.0,75.8,3.4,91.8525751797944,Average
Bachelor,10,68.1,62.7,85.4,3.4,95.2640496440987,Average
Bachelor,10,70.6,94.0,69.2,4.3,104.98999027536422,Average
Bachelor,0,75.3,74.4,81.0,4.9,86.69759006704007,Average
Bachelor,12,69.3,64.8,73.4,2.2,91.61709062308879,Average
Master,0,74.9,61.8,74.5,2.1,73.17262949906146,Low
Master,9,70.6,65.3,75.7,3.0,95.66948567576637,Average
Bachelor,8,50.2,71.6,77.0,4.0,89.19949261344215,Average
Bachelor,6,60.6,50.8,74.1,3.9,82.19108326565245,Low
Bachelor,0,68.6,78.4,76.7,4.4,82.28332932985,Low
Diploma,14,57.9,73.6,87.6,2.5,93.99325849643867,Average
Master,11,76.0,73.6,82.9,1.6,98.01648741222127,Average
Bachelor,13,85.3,70.3,82.0,4.2,111.4803838426639,High
Master,15,82.2,65.2,71.4,2.8,109.42348719467478,High
Bachelor,7,67.9,73.1,67.9,1.9,80.63151831238996,Low
Master,2,84.9,72.1,82.6,3.6,92.10635668879192,Average
Bachelor,7,71.5,60.8,82.0,4.1,92.70825785970564,Average
Diploma,14,66.6,58.1,86.8,3.4,96.88598132067165,Average
Master,4,63.9,66.2,70.2,3.1,83.41759834888242,Low
Diploma,0,67.0,83.6,73.2,3.4,72.484924617861,Low
Bachelor,6,66.1,50.1,61.9,3.2,77.76264260777077,Low
Master,4,71.7,47.4,71.9,2.4,77.83853065241107,Low
Master,5,71.6,67.0,83.0,2.9,89.46179457582453,Average
Bachelor,15,70.0,65.6,71.3,3.9,106.25052817931845,High
Bachelor,5,74.4,67.1,80.1,3.8,88.89232134017759,Average
Bachelor,7,81.9,67.9,73.5,3.6,93.4212326723553,Average
Diploma,8,79.5,62.3,77.6,2.7,84.46695296016053,Low
Bachelor,1,55.2,82.9,65.8,3.4,74.2025775382088,Low
Bachelor,8,44.5,45.8,75.7,1.8,69.71359959350741,Low
Bachelor,11,79.3,55.1,51.1,3.6,92.9955577614775,Average
Bachelor,14,56.3,63.8,73.5,4.6,103.75599660250168,Average
Bachelor,10,67.8,45.3,62.0,2.3,80.64085164274681,Low
Diploma,9,58.3,62.9,84.6,3.0,83.2979782417296,Low
Bachelor,8,52.0,84.9,81.2,3.8,92.88874806370774,Average
Diploma,12,75.4,65.3,78.7,4.5,101.19509175835792,Average
Bachelor,9,77.6,67.8,87.2,3.1,96.36027969631841,Average
Bachelor,14,64.2,49.9,67.4,2.9,92.95270675191878,Average
Master,15,44.1,57.6,89.0,1.9,95.0478774464474,Average
Bachelor,9,64.5,60.5,82.5,3.6,91.89093653431978,Average
Diploma,15,73.9,61.2,73.1,5.0,107.09377826638863,High
Diploma,6,55.2,80.4,84.1,3.7,84.08462276204034,Low
Bachelor,0,71.8,71.7,66.1,3.5,75.11396740491936,Low
Bachelor,6,69.8,51.7,68.4,3.8,83.33880316629359,Low
Diploma,9,75.8,68.0,70.1,3.5,89.20927726112136,Average
Diploma,4,71.2,71.0,70.8,2.8,75.50498452878988,Low
Bachelor,5,60.3,78.7,66.5,4.2,86.85386772721355,Average
Diploma,9,82.0,84.0,84.8,3.7,98.94131556449813,Average
Master,6,68.4,52.8,72.9,3.5,87.88541467257838,Average
Bachelor,13,69.7,55.3,77.8,2.7,94.8980576880972,Average
Diploma,14,60.7,49.9,70.4,4.5,95.47893208751371,Average
Diploma,4,65.6,62.2,60.4,4.0,75.46393936955933,Low
Master,6,61.2,70.6,77.2,3.1,88.71507540521537,Average
Bachelor,8,68.3,76.8,59.7,4.3,94.14085682405315,Average
Bachelor,2,87.1,64.1,74.5,3.1,81.55717454222189,Low
Master,15,56.3,61.2,64.1,2.9,99.35743596926476,Average
Master,7,53.9,66.8,90.9,2.9,89.50541891196414,Average
Master,1,84.7,55.0,82.3,2.1,78.03198842071795,Low
Bachelor,10,67.9,90.1,75.8,3.9,102.44602072133591,Average
Bachelor,6,63.3,45.7,85.1,2.0,74.61714987356015,Low
Diploma,12,80.4,67.2,68.2,2.5,91.15605490986718,Average
Bachelor,1,63.9,89.3,79.3,1.8,73.57118700803633,Low
Bachelor,14,88.3,65.1,76.6,3.4,108.22384659710718,High
Bachelor,13,76.8,62.7,77.1,3.4,102.03481079805971,Average
Master,3,65.1,60.7,85.2,3.2,83.94291025455699,Low
Diploma,6,91.6,62.8,80.9,2.7,84.68242618027466,Low
Bachelor,2,63.9,81.5,77.3,2.6,76.82442350179305,Low
Diploma,1,77.4,38.5,61.8,3.9,66.55035993826041,Low
Bachelor,10,73.0,83.4,67.3,3.1,96.50989704582737,Average
Diploma,9,83.0,47.9,74.0,3.8,88.45245140323738,Average
Diploma,6,85.6,61.8,75.7,2.8,82.24297765682307,Low
Diploma,0,70.3,59.8,66.0,3.6,67.47420419790737,Low
Bachelor,13,62.5,72.1,94.3,4.5,109.32720102846332,High
Bachelor,14,74.6,45.8,87.1,4.0,104.10643706314296,Average
Bachelor,7,63.2,70.5,79.8,3.2,87.41710592875157,Average
Master,2,90.1,89.3,75.6,3.7,97.00714547191814,Average
Bachelor,11,71.4,48.6,73.3,3.3,91.76788892950708,Average
Diploma,11,66.3,67.3,67.4,3.5,89.7316050516382,Average
Master,12,71.8,57.1,75.6,3.2,101.13961900524106,Average
Diploma,1,56.5,70.1,77.1,3.4,68.74134599067685,Low
Master,2,60.3,65.2,65.1,3.7,79.75415770824141,Low
Diploma,4,82.0,57.3,77.7,2.7,75.98802846596438,Low
Master,10,63.4,70.9,73.8,2.7,94.93100423161951,Average
Diploma,7,59.5,86.7,59.7,2.4,77.41564907338574,Low
Master,9,75.4,62.7,68.1,2.2,91.00954644713792,Average
Bachelor,6,81.9,73.6,71.7,2.5,86.93548666807698,Average
Master,6,77.2,49.5,90.1,3.6,93.68519133734253,Average
Diploma,11,80.0,53.5,79.5,2.8,89.18816886424989,Average
Bachelor,6,62.4,70.7,64.3,3.9,85.8145209142973,Average
Master,14,55.8,82.8,78.9,3.5,108.85342914346083,High
Bachelor,7,85.0,69.3,62.6,1.9,83.97113776616985,Low
Bachelor,0,66.8,61.2,83.7,4.0,77.1949944150102,Low
Bachelor,3,67.5,65.0,71.2,4.1,82.48477030636315,Low
Bachelor,12,83.3,50.0,74.3,2.7,94.85809062231593,Average
Bachelor,5,75.6,72.3,85.6,3.8,92.03427681491554,Average
Bachelor,8,74.6,75.6,64.7,2.8,89.27920784384347,Average
Master,12,91.7,59.6,63.8,3.6,107.04402844701657,High
Diploma,1,63.6,59.4,70.3,2.5,62.4175663156076,Low
Diploma,0,79.3,68.2,83.3,2.1,67.82013542469245,Low
Master,15,70.6,59.8,62.8,3.2,104.64865768735464,Average
Master,12,72.7,64.2,52.3,3.4,99.33101425063603,Average
Bachelor,9,85.3,90.2,71.4,3.2,101.32199769882433,Average
Bachelor,11,75.1,62.0,79.4,2.6,93.67909321359812,Average
Diploma,13,75.4,60.7,84.6,3.2,96.61069033214281,Average
Diploma,1,80.7,57.2,71.3,3.7,73.36101742601022,Low
Bachelor,6,66.4,73.9,71.7,3.5,87.0498630339954,Average
Bachelor,2,61.6,62.8,84.2,3.6,78.26494377553473,Low
Bachelor,9,59.6,57.2,60.0,3.0,81.99540578164302,Low
Diploma,1,50.3,80.9,71.9,4.4,73.88008074726285,Low
Master,13,90.6,82.0,76.5,2.6,111.77741528102285,High
Master,10,59.0,57.8,78.6,3.9,97.30809534802177,Average
Bachelor,6,67.8,42.6,70.9,4.4,84.39849293789527,Low
Bachelor,12,67.2,77.1,75.3,3.9,102.92083915956893,Average
Bachelor,12,73.1,56.8,55.1,3.3,92.82690994242719,Average
Master,1,78.2,74.5,69.7,3.1,83.40270278872012,Low
Bachelor,15,78.6,41.4,78.6,4.3,106.29107355621589,High
Diploma,15,64.2,75.7,67.1,2.4,93.41498954333693,Average
Master,2,68.3,50.5,75.5,2.7,75.82899678382321,Low
Master,10,72.8,73.8,78.6,3.2,101.9147971479819,Average
Master,6,67.5,65.2,72.3,4.5,95.44928213363423,Average
Bachelor,13,86.1,53.6,76.4,3.8,104.50203104762814,Average
Bachelor,3,74.9,60.1,67.3,2.7,75.58926077763805,Low
Bachelor,12,77.3,73.2,73.3,3.3,101.44177985996626,Average
Master,13,76.6,66.3,79.9,3.0,106.57538046030552,High
Master,0,81.7,72.0,76.3,2.9,82.43566128248878,Low
Diploma,12,71.8,88.7,70.3,4.3,103.1994946325824,Average
Diploma,13,57.0,46.2,76.8,2.4,82.03855305081055,Low
Bachelor,4,74.0,84.4,80.7,4.8,96.37920066811988,Average
Master,11,63.5,66.3,58.6,4.2,100.14200984620868,Average
Master,8,64.7,54.2,84.3,4.4,97.68576299612558,Average
Diploma,15,75.9,49.0,72.3,3.1,95.12838554905755,Average
Bachelor,7,82.4,62.7,78.4,3.4,91.97850905883774,Average
Bachelor,11,70.2,76.1,84.6,2.4,95.76175288571508,Average
Master,14,73.1,63.5,64.0,3.1,104.00052413282833,Average
Master,8,87.0,83.1,69.3,3.9,106.22962341133629,High
Master,9,72.4,47.6,72.7,4.5,98.84130680203549,Average
Bachelor,13,96.0,64.9,68.7,2.6,102.83614959799414,Average
Bachelor,8,75.7,50.0,88.9,3.2,90.0032233770531,Average
Diploma,14,52.4,69.4,68.1,3.4,91.58257513935447,Average
Diploma,6,77.5,75.6,70.6,2.4,80.19865537765658,Low
Master,3,73.8,60.0,76.6,4.0,88.32360919120353,Average
Master,4,82.9,35.0,65.4,2.9,79.29985769355606,Low
Master,0,76.7,67.4,71.8,3.3,80.95173795068123,Low
Master,13,68.6,70.2,77.5,3.1,105.34497543360199,High
Bachelor,0,57.8,69.9,72.3,2.9,68.60005888612628,Low
Bachelor,2,67.9,79.8,74.3,3.5,81.65267788744625,Low
Master,12,61.5,52.1,70.8,3.3,96.27590790423548,Average
Master,13,64.2,73.2,62.9,3.2,102.1384939431333,Average
Diploma,7,75.9,79.3,77.6,2.9,86.69396040211717,Average
Bachelor,13,86.7,43.7,89.0,3.8,104.50994235880208,Average
Diploma,1,73.9,68.8,75.1,4.8,80.53688175044852,Low
Master,3,58.0,58.9,76.8,3.6,81.56978283982403,Low
Bachelor,1,74.4,64.0,80.5,4.3,82.93206925318697,Low
Diploma,13,82.0,69.2,64.8,2.4,92.7911074154634,Average
Bachelor,4,63.9,59.2,88.6,3.6,82.81403480488365,Low
Bachelor,8,68.7,56.9,76.6,2.6,84.25507706088862,Low
Bachelor,15,70.1,65.4,88.1,2.3,101.59979316506663,Average
Diploma,0,62.2,52.0,69.1,2.9,60.00322882149034,Low
Bachelor,4,76.5,52.0,89.5,4.5,89.11386232862284,Average
Bachelor,13,68.8,73.2,81.2,4.3,107.4655875081804,High
Bachelor,14,74.2,51.2,79.4,3.7,102.41909825182648,Average
Bachelor,8,61.1,73.0,76.9,2.3,84.33009785672664,Low
Master,14,65.6,70.6,73.0,3.3,106.64263058312075,High
Bachelor,0,77.2,44.3,84.6,3.7,74.86737457627666,Low
Bachelor,8,66.3,56.9,76.1,3.6,88.525527296789,Average
Master,7,87.3,79.3,59.3,2.0,91.99073390317992,Average
Bachelor,3,66.0,53.2,66.1,2.8,71.25882511892645,Low
Diploma,11,72.2,59.4,73.5,3.4,90.47717713022423,Average
Diploma,10,79.3,70.5,77.5,3.9,96.5751171865086,Average
Bachelor,9,55.8,74.4,74.5,1.7,81.97002146240906,Low
Bachelor,4,52.4,62.0,84.8,3.4,78.01481426767461,Low
Bachelor,12,54.7,57.8,59.4,3.6,89.8309325692688,Average
Diploma,4,82.6,82.1,76.1,4.2,89.43305054785017,Average
Diploma,10,64.5,85.9,60.5,4.1,93.1737881300457,Average
Diploma,11,95.6,76.7,81.1,4.0,105.90699695736004,High
Bachelor,5,64.4,66.0,74.2,2.9,79.96231566180796,Low
Bachelor,6,71.8,55.3,78.4,2.0,77.91822415141368,Low
Bachelor,7,85.4,55.0,68.1,3.2,87.9305728728447,Average
Bachelor,14,90.1,71.3,85.2,4.3,116.38949217176128,High
Master,13,90.6,70.0,83.3,4.6,120.43028296516712,High
Bachelor,7,82.1,81.8,79.7,4.1,100.35576176462888,Average
Bachelor,10,80.2,72.8,74.0,3.8,101.28367355126824,Average
Bachelor,13,75.9,47.0,79.6,3.8,100.46467019234017,Average
Bachelor,12,77.8,77.6,69.3,3.1,100.88542298584579,Average
Bachelor,1,64.5,53.0,81.8,3.4,72.95090884928983,Low
Master,8,61.8,60.4,88.2,4.8,101.45893706809962,Average
Master,6,70.0,68.0,83.6,2.7,90.43322211932141,Average
Diploma,3,68.3,88.9,69.2,4.8,86.51819981292466,Average
Master,3,65.5,100.0,77.9,3.2,92.4304709416869,Average
Bachelor,10,77.0,72.3,64.7,4.6,101.89203348614517,Average
Diploma,7,79.6,62.8,79.6,2.4,81.3548902294413,Low
Bachelor,3,70.9,71.4,78.6,4.0,85.68331986955585,Average
Master,12,84.8,75.7,60.0,2.9,104.90676983374534,Average
Bachelor,14,58.6,61.2,65.7,2.4,90.84300686297138,Average
Bachelor,5,68.1,86.5,72.7,3.7,89.97576962475156,Average
Bachelor,4,62.8,67.8,72.6,4.3,84.84625687472435,Low
Diploma,2,51.3,71.0,65.3,2.8,64.32869056501093,Low
Diploma,12,69.2,73.0,78.1,2.3,90.12603282376517,Average
Diploma,13,68.8,70.1,77.0,3.4,96.68449602365851,Average
Diploma,9,85.1,75.1,73.4,3.4,94.14659880486087,Average
Diploma,10,76.3,57.6,69.0,3.9,90.77468760398817,Average
Diploma,1,59.8,58.3,83.4,4.3,72.47884395289874,Low
Bachelor,8,88.5,51.8,88.2,3.5,95.42280565593877,Average
Diploma,9,82.2,70.3,71.1,5.0,99.37991966345932,Average
Bachelor,8,75.8,74.3,70.1,3.7,94.75057453163564,Average
Master,0,67.7,70.5,78.9,3.2,79.84409254253777,Low
Bachelor,9,60.4,85.1,72.1,2.2,87.87604314586568,Average
Bachelor,2,66.3,64.9,73.9,3.3,76.34291801297385,Low
Diploma,7,80.9,73.0,80.9,3.2,88.86036808700503,Average
Diploma,5,88.8,51.9,59.7,4.3,82.9149057345001,Low
Diploma,4,85.4,60.4,85.5,3.9,85.17764969342505,Average
Diploma,4,65.1,73.3,75.6,2.6,73.76887735973499,Low
Diploma,5,58.8,75.2,71.7,3.6,78.96908254670706,Low
Diploma,14,71.4,61.5,74.3,4.0,99.83410793790296,Average
Diploma,6,52.3,64.1,74.7,4.7,82.2818965533214,Low
Diploma,0,73.2,46.8,61.2,4.2,66.94597568665627,Low
Bachelor,8,68.5,60.7,87.0,4.1,94.67139241985527,Average
Diploma,2,65.3,75.7,75.3,3.5,75.32950497504828,Low
Bachelor,3,54.1,71.9,78.5,3.8,79.9535572769289,Low
Bachelor,9,75.1,71.0,82.6,4.5,102.31329671959588,Average
Bachelor,0,64.7,65.6,66.8,2.4,66.33624902054207,Low
Diploma,12,58.3,65.1,78.8,3.2,89.62123669834222,Average
Bachelor,10,41.3,57.1,72.9,2.9,80.63374920127168,Low
Bachelor,9,69.7,73.4,81.8,3.8,97.63538626070658,Average
Diploma,2,87.7,70.1,58.0,4.5,81.84699845321816,Low
Master,1,86.6,70.9,74.2,3.0,85.66338616035168,Average
Master,1,65.4,58.7,70.2,1.6,68.27487618310636,Low
Diploma,13,64.0,39.2,78.5,3.2,86.52607280021769,Average
Diploma,0,74.7,78.2,78.8,4.2,78.85374653134491,Low
Master,7,60.0,59.3,69.3,3.9,90.3366494944942,Average
Bachelor,2,73.0,54.6,69.3,3.8,77.64031521588967,Low
Diploma,15,77.7,73.3,74.1,3.3,102.83163977370641,Average
Diploma,2,82.3,60.3,67.8,2.5,69.70401124331207,Low
Bachelor,5,69.0,77.7,81.7,3.9,91.03769812192128,Average
Bachelor,12,68.0,72.4,72.0,2.8,96.06213783734478,Average
Bachelor,7,61.2,73.2,51.7,5.0,91.01557905841713,Average
Bachelor,12,61.7,48.6,72.0,4.0,93.853805347102,Average
Bachelor,14,67.7,79.5,66.7,3.0,101.72213195688846,Average
Bachelor,8,73.7,68.1,61.9,3.0,87.58026581985807,Average
Diploma,8,79.1,60.6,65.1,3.4,85.03126301335067,Average
Diploma,3,62.0,66.7,75.9,3.3,72.98767441683147,Low
Bachelor,13,84.9,43.7,85.6,4.4,106.4925204355006,High
Master,4,67.3,69.9,77.5,3.6,89.40934746847446,Average
Bachelor,1,69.8,52.6,70.1,2.9,69.70085121562917,Low
Bachelor,10,62.5,48.8,78.6,5.0,96.67980081729905,Average
Diploma,8,45.8,46.7,71.3,3.5,73.37289049025802,Low
Bachelor,7,78.8,78.4,69.4,4.1,96.7041994272675,Average
Bachelor,2,77.4,57.4,65.8,3.0,74.79285521124713,Low
Diploma,10,67.2,83.4,61.0,3.8,92.1567368785702,Average
Diploma,11,70.7,58.6,71.9,3.7,90.96412979659539,Average
Bachelor,12,75.2,44.5,76.3,2.0,87.87003219582107,Average
Diploma,8,54.4,51.6,74.2,5.0,85.05819123747057,Average
Bachelor,2,64.7,79.8,71.7,4.5,85.36730758695634,Average
Diploma,8,77.9,63.1,67.4,3.2,84.56312454335668,Low
Bachelor,1,57.5,58.4,79.9,2.6,67.90638478589297,Low
Diploma,11,72.9,66.9,64.5,3.8,92.39356385735793,Average
Master,9,56.4,71.0,81.2,3.6,96.77403825443956,Average
Bachelor,8,74.7,78.4,67.0,3.8,95.32061495897813,Average
Bachelor,14,69.6,82.4,69.0,3.7,106.55098644779784,High
Bachelor,7,53.8,60.7,63.3,3.9,82.50340626715484,Low
Bachelor,8,81.6,49.1,71.0,4.7,95.25305436767562,Average
Diploma,4,62.7,60.0,82.8,4.0,78.13874254031538,Low
Bachelor,10,61.9,68.1,79.1,2.7,89.72646715457607,Average
Bachelor,10,72.0,53.4,82.8,4.6,99.47615760315566,Average
Bachelor,1,81.5,53.5,79.2,4.8,84.72234563104847,Low
Bachelor,7,59.8,69.1,66.2,5.0,92.46802646206588,Average
Diploma,11,70.6,64.4,72.4,2.6,86.76584360295007,Average
Diploma,14,74.3,65.4,68.8,3.7,98.85804993323964,Average
Bachelor,5,76.9,55.9,85.6,1.8,78.35435585139574,Low
Bachelor,7,71.8,62.2,65.4,3.9,88.88585731444911,Average
Bachelor,10,66.3,53.9,82.1,3.1,90.11333216030062,Average
Bachelor,4,61.7,75.7,82.1,5.0,91.86655076360223,Average
Master,15,70.9,77.4,89.6,2.9,112.9431120959818,High
Bachelor,9,59.3,42.8,71.7,2.1,76.58278867725265,Low
Diploma,1,40.8,53.8,80.7,3.1,59.45207646145713,Low
Diploma,5,74.4,47.0,93.3,1.9,72.31878350079637,Low
Diploma,4,79.0,57.2,70.1,4.1,80.5279038549732,Low
Diploma,11,46.4,64.0,62.7,1.8,73.69449220292634,Low
Diploma,15,59.9,47.6,60.0,3.5,89.47768649725481,Average
Diploma,12,76.2,53.9,80.7,1.8,85.67097531039299,Average
Diploma,11,90.6,53.0,59.9,3.2,90.61638274185029,Average
Diploma,4,70.2,67.5,72.0,4.8,84.41198524974052,Low
Master,12,62.7,65.8,78.5,3.8,103.91631685242686,Average
Diploma,0,68.2,56.3,76.5,2.8,63.87840445574185,Low
Bachelor,1,83.7,67.1,78.4,3.5,81.9609897008011,Low
Bachelor,7,63.5,58.4,76.8,3.5,85.59979846632376,Average
Master,12,62.0,61.7,85.2,3.9,104.47416533374613,Average
Diploma,15,65.2,85.1,67.4,2.4,96.33098604204415,Average
Bachelor,13,60.5,81.1,69.6,4.0,103.19847420445058,Average
Master,12,71.2,49.4,68.8,1.3,88.16544559835717,Average
Master,2,86.2,75.0,81.6,3.0,89.92200131857115,Average
Master,9,73.2,74.7,82.2,3.1,100.64096985444878,Average
Diploma,2,67.5,51.2,78.6,4.0,72.80341744255784,Low
Diploma,7,67.1,74.8,84.5,3.5,87.31501240224932,Average
Bachelor,7,54.4,83.5,65.6,2.4,81.16710572592034,Low
Master,1,78.8,51.5,88.3,2.7,79.75928098792198,Low
Bachelor,7,69.2,54.0,87.2,3.7,88.99588177884804,Average
Bachelor,10,68.2,77.2,80.9,3.4,98.12227048789362,Average
Diploma,12,100.0,68.3,89.3,3.0,104.09886774796766,Average
Bachelor,12,73.0,71.6,61.7,3.1,96.72675526048327,Average
Diploma,0,62.5,69.1,70.8,4.1,70.46194946953285,Low
Bachelor,5,65.7,69.7,69.1,3.1,81.39575914559983,Low
Bachelor,7,81.5,49.1,80.8,3.4,89.01792268455247,Average
Bachelor,2,71.1,77.6,66.6,5.0,88.0515391681142,Average
Diploma,15,55.6,79.0,81.1,2.4,94.4611977337355,Average
Diploma,7,79.2,62.2,86.0,2.0,80.60500147561763,Low
Bachelor,11,63.3,64.5,80.6,4.1,98.86182019327026,Average
Diploma,0,88.7,46.6,77.3,3.0,68.51600021366747,Low
Bachelor,10,80.8,71.2,67.1,3.2,96.67936100878576,Average
Diploma,10,65.5,71.9,68.2,2.9,85.64461957984113,Average
Bachelor,15,82.8,64.3,85.0,3.3,109.36666571961202,High
Bachelor,8,70.7,78.5,81.2,4.8,101.96773746582762,Average
Diploma,12,78.5,61.0,74.7,4.1,98.45217193589525,Average
Bachelor,10,74.8,71.8,71.7,4.2,100.6782550038867,Average
Diploma,12,61.5,52.8,58.8,2.4,79.24573619880223,Low
Diploma,8,63.6,64.7,66.4,2.6,77.43071523431831,Low
Master,4,80.3,62.9,90.3,1.2,82.01877558051683,Low
Bachelor,9,66.7,67.7,64.8,2.9,87.13534557186824,Average
Master,3,66.0,60.6,76.5,4.3,87.5604542832703,Average
Diploma,14,60.4,63.4,83.1,3.9,98.16991089504273,Average
Bachelor,10,74.2,74.9,65.0,3.3,95.60500939049274,Average
Bachelor,5,90.6,59.8,76.5,3.5,89.83361767079231,Average
Bachelor,11,59.3,45.7,82.5,2.9,87.47279264473657,Average
Bachelor,6,70.2,86.0,75.1,3.7,92.91044452729327,Average
Bachelor,4,84.1,81.6,97.9,4.1,98.78398190930704,Average
Bachelor,10,69.2,49.5,61.7,2.2,81.50098177709899,Low
Master,12,74.5,73.3,83.5,3.7,110.06879520364839,High
Master,9,59.4,59.0,73.6,4.2,96.50715180788967,Average
Master,8,74.3,68.2,81.2,3.2,97.40005402950133,Average
Diploma,2,68.1,68.5,78.5,4.1,77.58013348322797,Low
Bachelor,14,79.9,62.2,69.1,5.0,111.33091667071463,High
Master,6,81.9,55.6,76.8,3.4,92.90988421392245,Average
Diploma,9,95.9,56.7,60.1,3.8,92.04765364689109,Average
Diploma,9,75.8,54.0,79.8,2.9,84.75329143946566,Low
Bachelor,15,73.3,55.0,77.4,3.6,104.4339805210482,Average
Bachelor,10,71.9,64.2,80.1,3.9,97.99456080434211,Average
Master,4,66.5,56.4,83.5,3.7,87.01557983545568,Average
Diploma,13,73.4,73.2,77.9,2.7,95.32101819302305,Average
Bachelor,6,67.0,82.8,76.2,3.7,91.38792439256974,Average
Diploma,14,71.7,58.0,68.0,4.7,100.95429762091118,Average
Diploma,1,83.2,67.9,69.3,3.9,77.07599594464963,Low
Diploma,3,59.9,71.0,84.5,4.3,79.97615178364097,Low
Master,1,81.4,70.7,86.5,3.3,87.935731265224,Average
Bachelor,13,83.2,65.9,73.1,4.1,107.5478352653634,High
Bachelor,12,68.8,73.9,75.4,3.7,101.81451742257727,Average
Bachelor,12,48.8,70.8,67.8,2.7,88.58015624227724,Average
Master,11,63.9,50.1,84.4,3.8,99.36404174335823,Average
Bachelor,6,83.0,75.4,80.3,2.7,90.34633209699675,Average
Master,1,69.8,75.6,90.5,3.0,84.91769512370641,Low
Bachelor,15,60.0,55.8,68.0,3.7,98.81423129626144,Average
Bachelor,12,65.0,65.5,72.0,3.7,97.93365319774949,Average
Bachelor,13,78.4,73.2,76.9,2.5,100.93523067367927,Average
Bachelor,10,75.5,62.5,80.2,4.3,101.01258559095879,Average
Bachelor,0,67.6,77.9,73.3,4.0,79.19509473891463,Low
Bachelor,8,66.3,93.4,68.0,2.9,92.52549276124456,Average
Diploma,0,66.1,55.6,82.1,2.3,61.47668031544461,Low
Master,7,60.8,48.4,80.8,3.4,87.41383390079038,Average
Bachelor,14,86.2,68.6,67.7,3.1,105.25776943887635,High
Bachelor,1,66.8,73.7,85.8,3.6,80.5689964177253,Low
Master,11,82.2,62.2,84.4,3.2,105.12872773103449,High
Bachelor,15,85.2,82.4,76.1,1.9,105.85877709834689,High
Diploma,7,80.0,48.9,75.6,3.2,81.30308412187117,Low
Master,12,65.7,73.3,79.4,3.3,104.19791092045288,Average
Bachelor,2,74.0,57.7,68.1,4.0,79.29952699541937,Low
Bachelor,15,69.8,85.6,75.2,2.9,107.09079856766748,High
Diploma,5,61.0,88.9,57.8,4.8,86.28732549942954,Average
Bachelor,2,73.2,55.8,82.0,2.0,71.17887491201243,Low
Bachelor,13,58.2,58.4,62.5,4.5,98.31049005409838,Average
Bachelor,6,81.9,75.3,87.0,3.3,94.39999766829807,Average
Master,9,65.4,60.4,72.4,4.2,98.10490349776418,Average
Bachelor,8,72.0,64.5,73.3,3.6,91.19778407896686,Average
Diploma,15,72.8,65.3,70.0,4.4,104.22987677063233,Average
Bachelor,1,67.4,42.0,72.7,3.2,68.20395555380824,Low
Diploma,14,75.9,64.8,86.3,2.6,97.34373661766872,Average
Bachelor,11,65.3,56.7,55.1,4.6,94.95762900656803,Average
Diploma,11,78.7,59.1,85.2,3.4,94.47374545938494,Average
Bachelor,14,56.5,82.3,77.7,3.7,104.47002843392576,Average
Bachelor,13,71.3,49.9,65.3,4.5,100.3673910754091,Average
Master,4,89.4,74.8,66.4,2.7,90.15808176016228,Average
Bachelor,12,60.0,61.7,88.4,4.0,99.97630966927801,Average
Master,5,63.2,61.6,67.4,3.0,83.00509454917801,Low
Diploma,3,75.1,74.5,65.8,3.4,77.28880099760084,Low
Master,3,71.8,69.1,84.1,3.6,89.41771835884619,Average
Diploma,15,73.5,71.8,77.7,2.3,97.05452644574899,Average
Bachelor,3,74.9,76.6,67.5,2.9,80.5060862783016,Low
Bachelor,1,76.3,61.0,76.7,4.6,83.41113078643528,Low
Diploma,3,81.1,57.7,66.8,4.2,79.14594978286016,Low
Diploma,10,74.1,52.0,83.8,3.4,89.23476031927937,Average
Bachelor,15,67.6,55.1,83.5,3.7,104.2206828240561,Average
Bachelor,0,76.7,100.0,79.3,3.3,85.19196099917747,Average
Bachelor,11,89.0,79.9,77.9,4.6,112.18867578820316,High
Bachelor,5,68.7,48.8,89.1,3.3,82.31536635083935,Low
Bachelor,0,60.3,49.1,75.0,3.7,68.78590470811793,Low
Diploma,9,81.1,70.8,65.5,4.4,95.20996216891137,Average
Bachelor,5,68.8,71.6,78.6,2.9,83.64032322142117,Low
Diploma,0,48.3,71.6,91.7,4.7,74.45147488515693,Low
Master,5,78.5,61.9,66.9,2.3,83.7819368227193,Low
Bachelor,9,64.6,63.5,72.1,4.8,96.70788075987035,Average
Bachelor,7,69.1,68.9,78.3,3.2,88.63765005072003,Average
Bachelor,10,73.3,66.0,74.6,3.3,94.94657726087672,Average
Master,1,71.9,38.4,67.1,2.0,66.53187150775912,Low
Diploma,1,77.1,62.2,84.0,3.1,73.1647502601495,Low
Bachelor,13,65.6,54.8,93.6,2.7,96.44216061662961,Average
Bachelor,15,75.1,67.1,76.6,3.0,104.69817660419815,Average
Bachelor,14,67.4,100.0,67.8,3.4,108.72560684051513,High
Diploma,12,77.4,69.4,62.6,4.3,98.4217060568915,Average
Master,11,76.2,61.2,77.1,3.7,103.89868836907836,Average
Master,3,60.6,76.1,83.8,3.7,88.70599876270843,Average
Bachelor,10,80.9,70.8,78.8,2.6,95.8342008491631,Average
Bachelor,2,64.6,70.0,75.0,2.8,74.8755306321323,Low
Master,3,78.1,72.3,70.3,4.9,96.2467906050328,Average
